id,task,human_label,probability,confidence,correct
cuad_anti-assignment-107,cuad_anti-assignment,1,0.01,0.99,0
cuad_anti-assignment-293,cuad_anti-assignment,1,0.48,0.52,0
cuad_anti-assignment-472,cuad_anti-assignment,1,0.98,0.98,1
cuad_change_of_control-293,cuad_change_of_control,0,0.0,1.0,1
cuad_non-compete-304,cuad_non-compete,0,0.0,1.0,1
cuad_anti-assignment-433,cuad_anti-assignment,1,0.96,0.96,1
cuad_non-compete-412,cuad_non-compete,0,0.0,1.0,1
cuad_non-compete-266,cuad_non-compete,0,0.9,0.9,0
cuad_change_of_control-276,cuad_change_of_control,0,0.0,1.0,1
cuad_non-compete-379,cuad_non-compete,0,0.0,1.0,1
personal_jurisdiction-19,personal_jurisdiction,0,0.65,0.65,0
cuad_non-compete-212,cuad_non-compete,1,0.92,0.92,1
cuad_change_of_control-319,cuad_change_of_control,0,0.07,0.93,1
cuad_change_of_control-73,cuad_change_of_control,1,0.1,0.9,0
cuad_anti-assignment-707,cuad_anti-assignment,0,0.0,1.0,1
personal_jurisdiction-37,personal_jurisdiction,0,0.34,0.66,1
cuad_non-compete-336,cuad_non-compete,0,0.0,1.0,1
cuad_change_of_control-252,cuad_change_of_control,0,0.77,0.77,0
cuad_change_of_control-377,cuad_change_of_control,0,0.0,1.0,1
cuad_change_of_control-180,cuad_change_of_control,1,0.76,0.76,1
cuad_anti-assignment-820,cuad_anti-assignment,0,0.0,1.0,1
cuad_non-compete-407,cuad_non-compete,0,0.0,1.0,1
cuad_anti-assignment-720,cuad_anti-assignment,0,0.04,0.96,1
cuad_change_of_control-64,cuad_change_of_control,1,0.0,1.0,0
cuad_non-compete-44,cuad_non-compete,1,0.55,0.55,1
cuad_anti-assignment-409,cuad_anti-assignment,1,0.49,0.51,0
consumer_contracts_qa-322,consumer_contracts_qa,0,0.1,0.9,1
personal_jurisdiction-46,personal_jurisdiction,0,0.11,0.89,1
cuad_anti-assignment-408,cuad_anti-assignment,1,1.0,1.0,1
cuad_non-compete-10,cuad_non-compete,1,0.77,0.77,1
consumer_contracts_qa-64,consumer_contracts_qa,1,1.0,1.0,1
consumer_contracts_qa-255,consumer_contracts_qa,0,0.02,0.98,1
consumer_contracts_qa-294,consumer_contracts_qa,0,0.0,1.0,1
consumer_contracts_qa-207,consumer_contracts_qa,0,0.0,1.0,1
cuad_anti-assignment-83,cuad_anti-assignment,1,0.95,0.95,1
personal_jurisdiction-41,personal_jurisdiction,0,0.14,0.86,1
personal_jurisdiction-9,personal_jurisdiction,1,0.79,0.79,1
personal_jurisdiction-49,personal_jurisdiction,0,0.29,0.71,1
consumer_contracts_qa-275,consumer_contracts_qa,0,0.0,1.0,1
cuad_change_of_control-45,cuad_change_of_control,1,1.0,1.0,1
consumer_contracts_qa-66,consumer_contracts_qa,1,1.0,1.0,1
consumer_contracts_qa-300,consumer_contracts_qa,0,0.01,0.99,1
personal_jurisdiction-13,personal_jurisdiction,1,0.63,0.63,1
personal_jurisdiction-25,personal_jurisdiction,0,0.04,0.96,1
personal_jurisdiction-44,personal_jurisdiction,1,0.32,0.68,0
consumer_contracts_qa-100,consumer_contracts_qa,1,1.0,1.0,1
personal_jurisdiction-36,personal_jurisdiction,0,0.47,0.53,1
consumer_contracts_qa-79,consumer_contracts_qa,1,1.0,1.0,1
cuad_change_of_control-156,cuad_change_of_control,1,0.0,1.0,0
cuad_non-compete-203,cuad_non-compete,1,0.96,0.96,1
hearsay-27,hearsay,0,0.24,0.76,1
hearsay-77,hearsay,0,0.81,0.81,0
hearsay-16,hearsay,0,0.54,0.54,0
cuad_change_of_control-230,cuad_change_of_control,0,0.0,1.0,1
hearsay-58,hearsay,1,0.02,0.98,0
hearsay-40,hearsay,1,0.82,0.82,1
hearsay-78,hearsay,0,0.97,0.97,0
cuad_non-compete-315,cuad_non-compete,0,0.0,1.0,1
cuad_change_of_control-333,cuad_change_of_control,0,0.0,1.0,1
cuad_change_of_control-314,cuad_change_of_control,0,0.0,1.0,1
hearsay-23,hearsay,0,0.06,0.94,1
hearsay-70,hearsay,1,0.58,0.58,1
cuad_change_of_control-30,cuad_change_of_control,1,0.98,0.98,1
cuad_non-compete-45,cuad_non-compete,1,1.0,1.0,1
cuad_change_of_control-413,cuad_change_of_control,0,0.0,1.0,1
cuad_non-compete-357,cuad_non-compete,0,0.0,1.0,1
hearsay-91,hearsay,0,0.41,0.59,1
cuad_non-compete-149,cuad_non-compete,1,0.1,0.9,0
cuad_non-compete-420,cuad_non-compete,0,0.0,1.0,1
cuad_non-compete-299,cuad_non-compete,0,0.0,1.0,1
hearsay-49,hearsay,1,0.97,0.97,1
hearsay-48,hearsay,1,0.08,0.92,0
hearsay-25,hearsay,0,0.92,0.92,0
cuad_non-compete-319,cuad_non-compete,0,0.0,1.0,1
cuad_non-compete-404,cuad_non-compete,0,0.0,1.0,1
hearsay-20,hearsay,0,0.2,0.8,1
cuad_change_of_control-306,cuad_change_of_control,0,0.0,1.0,1
cuad_anti-assignment-667,cuad_anti-assignment,0,0.0,1.0,1
cuad_change_of_control-66,cuad_change_of_control,1,0.85,0.85,1
cuad_anti-assignment-672,cuad_anti-assignment,0,0.01,0.99,1
cuad_anti-assignment-749,cuad_anti-assignment,0,0.01,0.99,1
cuad_change_of_control-95,cuad_change_of_control,1,0.97,0.97,1
hearsay-82,hearsay,0,0.58,0.58,0
cuad_anti-assignment-551,cuad_anti-assignment,1,0.73,0.73,1
cuad_non-compete-354,cuad_non-compete,0,0.08,0.92,1
cuad_non-compete-111,cuad_non-compete,1,0.14,0.86,0
cuad_anti-assignment-294,cuad_anti-assignment,1,0.94,0.94,1
cuad_change_of_control-101,cuad_change_of_control,1,0.82,0.82,1
cuad_non-compete-214,cuad_non-compete,1,0.02,0.98,0
hearsay-76,hearsay,0,0.64,0.64,0
cuad_anti-assignment-499,cuad_anti-assignment,1,0.29,0.71,0
cuad_non-compete-249,cuad_non-compete,0,0.0,1.0,1
consumer_contracts_qa-61,consumer_contracts_qa,1,1.0,1.0,1
cuad_non-compete-210,cuad_non-compete,1,0.99,0.99,1
cuad_non-compete-417,cuad_non-compete,0,0.0,1.0,1
cuad_anti-assignment-618,cuad_anti-assignment,0,0.0,1.0,1
cuad_non-compete-15,cuad_non-compete,1,0.8,0.8,1
cuad_anti-assignment-892,cuad_anti-assignment,0,0.0,1.0,1
cuad_change_of_control-251,cuad_change_of_control,0,0.0,1.0,1
cuad_anti-assignment-176,cuad_anti-assignment,1,0.06,0.94,0
consumer_contracts_qa-253,consumer_contracts_qa,0,0.0,1.0,1
cuad_change_of_control-285,cuad_change_of_control,0,0.0,1.0,1
consumer_contracts_qa-277,consumer_contracts_qa,0,0.0,1.0,1
cuad_non-compete-373,cuad_non-compete,0,0.0,1.0,1
cuad_anti-assignment-1004,cuad_anti-assignment,0,0.0,1.0,1
cuad_anti-assignment-406,cuad_anti-assignment,1,1.0,1.0,1
cuad_anti-assignment-1091,cuad_anti-assignment,0,0.0,1.0,1
cuad_change_of_control-3,cuad_change_of_control,1,0.29,0.71,0
cuad_change_of_control-263,cuad_change_of_control,0,0.0,1.0,1
cuad_non-compete-436,cuad_non-compete,0,0.0,1.0,1
hearsay-62,hearsay,1,0.27,0.73,0
cuad_change_of_control-52,cuad_change_of_control,1,0.5,0.5,1
cuad_non-compete-133,cuad_non-compete,1,0.97,0.97,1
cuad_non-compete-426,cuad_non-compete,0,0.0,1.0,1
consumer_contracts_qa-295,consumer_contracts_qa,0,0.0,1.0,1
cuad_change_of_control-236,cuad_change_of_control,0,0.0,1.0,1
hearsay-57,hearsay,1,0.99,0.99,1
cuad_change_of_control-255,cuad_change_of_control,0,0.0,1.0,1
cuad_change_of_control-368,cuad_change_of_control,0,0.0,1.0,1
cuad_change_of_control-85,cuad_change_of_control,1,0.82,0.82,1
consumer_contracts_qa-52,consumer_contracts_qa,1,1.0,1.0,1
consumer_contracts_qa-53,consumer_contracts_qa,1,1.0,1.0,1
cuad_change_of_control-287,cuad_change_of_control,0,0.0,1.0,1
cuad_non-compete-3,cuad_non-compete,1,1.0,1.0,1
cuad_non-compete-242,cuad_non-compete,0,0.05,0.95,1
hearsay-60,hearsay,1,0.56,0.56,1
cuad_non-compete-313,cuad_non-compete,0,0.09,0.91,1
hearsay-72,hearsay,0,0.42,0.58,1
cuad_non-compete-298,cuad_non-compete,0,0.0,1.0,1
cuad_non-compete-395,cuad_non-compete,0,0.0,1.0,1
consumer_contracts_qa-2,consumer_contracts_qa,1,0.97,0.97,1
cuad_anti-assignment-750,cuad_anti-assignment,0,0.0,1.0,1
hearsay-92,hearsay,0,0.1,0.9,1
hearsay-31,hearsay,0,0.02,0.98,1
hearsay-45,hearsay,1,0.94,0.94,1
cuad_change_of_control-200,cuad_change_of_control,1,0.0,1.0,0
consumer_contracts_qa-265,consumer_contracts_qa,0,0.98,0.98,0
consumer_contracts_qa-246,consumer_contracts_qa,0,0.0,1.0,1
cuad_anti-assignment-1060,cuad_anti-assignment,0,0.0,1.0,1
consumer_contracts_qa-138,consumer_contracts_qa,1,0.86,0.86,1
cuad_non-compete-346,cuad_non-compete,0,0.0,1.0,1
cuad_change_of_control-219,cuad_change_of_control,0,0.0,1.0,1
consumer_contracts_qa-159,consumer_contracts_qa,1,1.0,1.0,1
consumer_contracts_qa-42,consumer_contracts_qa,1,1.0,1.0,1
consumer_contracts_qa-259,consumer_contracts_qa,0,0.02,0.98,1
cuad_change_of_control-168,cuad_change_of_control,1,0.81,0.81,1
hearsay-33,hearsay,1,0.85,0.85,1
hearsay-6,hearsay,0,0.39,0.61,1
hearsay-22,hearsay,0,0.32,0.68,1
hearsay-21,hearsay,0,0.14,0.86,1
cuad_non-compete-196,cuad_non-compete,1,1.0,1.0,1
cuad_anti-assignment-776,cuad_anti-assignment,0,0.0,1.0,1
personal_jurisdiction-1,personal_jurisdiction,0,0.29,0.71,1
hearsay-5,hearsay,0,0.1,0.9,1
cuad_non-compete-2,cuad_non-compete,1,0.98,0.98,1
cuad_change_of_control-77,cuad_change_of_control,1,0.0,1.0,0
consumer_contracts_qa-127,consumer_contracts_qa,1,0.63,0.63,1
cuad_change_of_control-201,cuad_change_of_control,1,0.0,1.0,0
cuad_change_of_control-122,cuad_change_of_control,1,0.97,0.97,1
cuad_change_of_control-361,cuad_change_of_control,0,0.0,1.0,1
hearsay-43,hearsay,1,0.9,0.9,1
cuad_anti-assignment-132,cuad_anti-assignment,1,0.92,0.92,1
cuad_change_of_control-60,cuad_change_of_control,1,0.01,0.99,0
cuad_anti-assignment-261,cuad_anti-assignment,1,0.01,0.99,0
hearsay-55,hearsay,1,0.98,0.98,1
cuad_anti-assignment-674,cuad_anti-assignment,0,0.0,1.0,1
hearsay-50,hearsay,1,0.43,0.57,0
consumer_contracts_qa-104,consumer_contracts_qa,1,1.0,1.0,1
consumer_contracts_qa-304,consumer_contracts_qa,0,0.0,1.0,1
hearsay-37,hearsay,1,0.31,0.69,0
cuad_change_of_control-337,cuad_change_of_control,0,0.0,1.0,1
cuad_anti-assignment-59,cuad_anti-assignment,1,1.0,1.0,1
personal_jurisdiction-18,personal_jurisdiction,1,0.68,0.68,1
consumer_contracts_qa-223,consumer_contracts_qa,0,0.88,0.88,0
consumer_contracts_qa-250,consumer_contracts_qa,0,0.0,1.0,1
cuad_non-compete-29,cuad_non-compete,1,0.47,0.53,0
cuad_anti-assignment-75,cuad_anti-assignment,1,1.0,1.0,1
consumer_contracts_qa-173,consumer_contracts_qa,1,0.98,0.98,1
cuad_non-compete-181,cuad_non-compete,1,1.0,1.0,1
cuad_non-compete-104,cuad_non-compete,1,0.01,0.99,0
cuad_non-compete-79,cuad_non-compete,1,0.05,0.95,0
cuad_non-compete-290,cuad_non-compete,0,0.0,1.0,1
cuad_change_of_control-350,cuad_change_of_control,0,0.0,1.0,1
consumer_contracts_qa-43,consumer_contracts_qa,1,1.0,1.0,1
cuad_non-compete-223,cuad_non-compete,0,0.03,0.97,1
cuad_non-compete-109,cuad_non-compete,1,0.95,0.95,1
cuad_change_of_control-69,cuad_change_of_control,1,0.83,0.83,1
consumer_contracts_qa-116,consumer_contracts_qa,1,1.0,1.0,1
consumer_contracts_qa-276,consumer_contracts_qa,0,0.0,1.0,1
consumer_contracts_qa-343,consumer_contracts_qa,0,0.0,1.0,1
cuad_anti-assignment-483,cuad_anti-assignment,1,0.89,0.89,1
cuad_change_of_control-404,cuad_change_of_control,0,0.0,1.0,1
cuad_anti-assignment-164,cuad_anti-assignment,1,1.0,1.0,1
cuad_change_of_control-360,cuad_change_of_control,0,0.0,1.0,1
cuad_anti-assignment-288,cuad_anti-assignment,1,0.5,0.5,1
cuad_non-compete-243,cuad_non-compete,0,0.0,1.0,1
cuad_change_of_control-317,cuad_change_of_control,0,0.0,1.0,1
personal_jurisdiction-28,personal_jurisdiction,0,0.17,0.83,1
cuad_change_of_control-15,cuad_change_of_control,1,0.82,0.82,1
hearsay-47,hearsay,0,0.35,0.65,1
cuad_anti-assignment-1167,cuad_anti-assignment,0,0.0,1.0,1
hearsay-75,hearsay,1,0.89,0.89,1
cuad_non-compete-258,cuad_non-compete,0,0.0,1.0,1
cuad_anti-assignment-693,cuad_anti-assignment,0,0.0,1.0,1
cuad_anti-assignment-827,cuad_anti-assignment,0,0.0,1.0,1
hearsay-94,hearsay,1,0.93,0.93,1
cuad_non-compete-278,cuad_non-compete,0,0.0,1.0,1
cuad_anti-assignment-155,cuad_anti-assignment,1,0.98,0.98,1
consumer_contracts_qa-172,consumer_contracts_qa,1,0.94,0.94,1
cuad_anti-assignment-843,cuad_anti-assignment,0,0.0,1.0,1
personal_jurisdiction-7,personal_jurisdiction,1,0.98,0.98,1
consumer_contracts_qa-36,consumer_contracts_qa,1,1.0,1.0,1
personal_jurisdiction-39,personal_jurisdiction,0,0.23,0.77,1
cuad_non-compete-13,cuad_non-compete,1,1.0,1.0,1
cuad_non-compete-225,cuad_non-compete,0,0.0,1.0,1
cuad_change_of_control-38,cuad_change_of_control,1,0.96,0.96,1
consumer_contracts_qa-149,consumer_contracts_qa,1,1.0,1.0,1
cuad_non-compete-264,cuad_non-compete,0,0.0,1.0,1
cuad_anti-assignment-212,cuad_anti-assignment,1,0.91,0.91,1
cuad_anti-assignment-695,cuad_anti-assignment,0,0.0,1.0,1
hearsay-41,hearsay,1,0.76,0.76,1
cuad_anti-assignment-96,cuad_anti-assignment,1,0.87,0.87,1
cuad_non-compete-387,cuad_non-compete,0,0.14,0.86,1
cuad_anti-assignment-581,cuad_anti-assignment,1,0.98,0.98,1
cuad_change_of_control-385,cuad_change_of_control,0,0.0,1.0,1
cuad_non-compete-85,cuad_non-compete,1,0.98,0.98,1
cuad_anti-assignment-458,cuad_anti-assignment,1,1.0,1.0,1
cuad_non-compete-132,cuad_non-compete,1,0.96,0.96,1
cuad_change_of_control-109,cuad_change_of_control,1,0.8,0.8,1
cuad_change_of_control-12,cuad_change_of_control,1,0.15,0.85,0
cuad_change_of_control-194,cuad_change_of_control,1,0.17,0.83,0
cuad_anti-assignment-1142,cuad_anti-assignment,0,0.0,1.0,1
cuad_change_of_control-328,cuad_change_of_control,0,0.0,1.0,1
cuad_non-compete-192,cuad_non-compete,1,0.04,0.96,0
cuad_anti-assignment-1109,cuad_anti-assignment,0,0.0,1.0,1
consumer_contracts_qa-317,consumer_contracts_qa,0,0.03,0.97,1
cuad_non-compete-403,cuad_non-compete,0,0.03,0.97,1
cuad_change_of_control-47,cuad_change_of_control,1,0.0,1.0,0
cuad_change_of_control-84,cuad_change_of_control,1,0.97,0.97,1
cuad_non-compete-280,cuad_non-compete,0,0.0,1.0,1
cuad_anti-assignment-424,cuad_anti-assignment,1,0.0,1.0,0
consumer_contracts_qa-380,consumer_contracts_qa,0,0.01,0.99,1
personal_jurisdiction-5,personal_jurisdiction,0,0.41,0.59,1
hearsay-32,hearsay,0,0.01,0.99,1
cuad_anti-assignment-681,cuad_anti-assignment,0,0.0,1.0,1
cuad_non-compete-437,cuad_non-compete,0,0.8,0.8,0
consumer_contracts_qa-182,consumer_contracts_qa,0,0.0,1.0,1
personal_jurisdiction-23,personal_jurisdiction,1,0.87,0.87,1
hearsay-46,hearsay,1,0.71,0.71,1
cuad_change_of_control-338,cuad_change_of_control,0,0.0,1.0,1
consumer_contracts_qa-13,consumer_contracts_qa,1,1.0,1.0,1
cuad_anti-assignment-987,cuad_anti-assignment,0,0.0,1.0,1
hearsay-86,hearsay,0,0.5,0.5,0
personal_jurisdiction-10,personal_jurisdiction,1,0.61,0.61,1
cuad_change_of_control-42,cuad_change_of_control,1,0.91,0.91,1
cuad_change_of_control-5,cuad_change_of_control,1,0.0,1.0,0
personal_jurisdiction-12,personal_jurisdiction,0,0.01,0.99,1
personal_jurisdiction-15,personal_jurisdiction,0,0.2,0.8,1
cuad_anti-assignment-21,cuad_anti-assignment,1,0.0,1.0,0
cuad_change_of_control-110,cuad_change_of_control,1,0.0,1.0,0
cuad_anti-assignment-455,cuad_anti-assignment,1,1.0,1.0,1
personal_jurisdiction-32,personal_jurisdiction,0,0.07,0.93,1
cuad_non-compete-273,cuad_non-compete,0,0.0,1.0,1
consumer_contracts_qa-44,consumer_contracts_qa,1,1.0,1.0,1
cuad_change_of_control-102,cuad_change_of_control,1,0.04,0.96,0
consumer_contracts_qa-120,consumer_contracts_qa,1,1.0,1.0,1
consumer_contracts_qa-101,consumer_contracts_qa,1,1.0,1.0,1
cuad_non-compete-106,cuad_non-compete,1,0.93,0.93,1
personal_jurisdiction-26,personal_jurisdiction,0,0.17,0.83,1
cuad_anti-assignment-285,cuad_anti-assignment,1,0.23,0.77,0
consumer_contracts_qa-16,consumer_contracts_qa,1,1.0,1.0,1
consumer_contracts_qa-357,consumer_contracts_qa,0,0.5,0.5,0
personal_jurisdiction-4,personal_jurisdiction,1,0.54,0.54,1
cuad_change_of_control-229,cuad_change_of_control,0,0.0,1.0,1
cuad_non-compete-101,cuad_non-compete,1,0.95,0.95,1
cuad_anti-assignment-966,cuad_anti-assignment,0,0.0,1.0,1
hearsay-89,hearsay,0,0.32,0.68,1
consumer_contracts_qa-0,consumer_contracts_qa,1,0.99,0.99,1
cuad_non-compete-131,cuad_non-compete,1,1.0,1.0,1
cuad_change_of_control-296,cuad_change_of_control,0,0.0,1.0,1
consumer_contracts_qa-158,consumer_contracts_qa,1,1.0,1.0,1
cuad_anti-assignment-951,cuad_anti-assignment,0,0.0,1.0,1
consumer_contracts_qa-128,consumer_contracts_qa,1,0.99,0.99,1
hearsay-29,hearsay,0,0.21,0.79,1
cuad_anti-assignment-254,cuad_anti-assignment,1,0.93,0.93,1
cuad_change_of_control-398,cuad_change_of_control,0,0.0,1.0,1
hearsay-44,hearsay,1,0.41,0.59,0
cuad_change_of_control-167,cuad_change_of_control,1,0.92,0.92,1
consumer_contracts_qa-212,consumer_contracts_qa,0,0.06,0.94,1
hearsay-71,hearsay,1,0.99,0.99,1
consumer_contracts_qa-306,consumer_contracts_qa,0,0.0,1.0,1
consumer_contracts_qa-225,consumer_contracts_qa,0,0.01,0.99,1
cuad_non-compete-16,cuad_non-compete,1,0.94,0.94,1
cuad_change_of_control-290,cuad_change_of_control,0,0.0,1.0,1
personal_jurisdiction-22,personal_jurisdiction,1,0.62,0.62,1
cuad_non-compete-176,cuad_non-compete,1,0.87,0.87,1
cuad_anti-assignment-1110,cuad_anti-assignment,0,0.0,1.0,1
cuad_change_of_control-21,cuad_change_of_control,1,0.86,0.86,1
consumer_contracts_qa-352,consumer_contracts_qa,0,0.05,0.95,1
personal_jurisdiction-48,personal_jurisdiction,0,0.38,0.62,1
consumer_contracts_qa-73,consumer_contracts_qa,1,0.96,0.96,1
cuad_non-compete-372,cuad_non-compete,0,0.1,0.9,1
cuad_anti-assignment-933,cuad_anti-assignment,0,0.0,1.0,1
cuad_change_of_control-395,cuad_change_of_control,0,0.0,1.0,1
cuad_anti-assignment-188,cuad_anti-assignment,1,1.0,1.0,1
hearsay-52,hearsay,1,0.96,0.96,1
cuad_non-compete-347,cuad_non-compete,0,0.66,0.66,0
cuad_anti-assignment-1162,cuad_anti-assignment,0,0.0,1.0,1
personal_jurisdiction-29,personal_jurisdiction,1,0.18,0.82,0
cuad_change_of_control-140,cuad_change_of_control,1,0.59,0.59,1
cuad_anti-assignment-1094,cuad_anti-assignment,0,0.21,0.79,1
cuad_anti-assignment-198,cuad_anti-assignment,1,0.94,0.94,1
consumer_contracts_qa-65,consumer_contracts_qa,1,1.0,1.0,1
cuad_anti-assignment-1088,cuad_anti-assignment,0,0.01,0.99,1
cuad_non-compete-30,cuad_non-compete,1,1.0,1.0,1
cuad_change_of_control-286,cuad_change_of_control,0,0.0,1.0,1
cuad_non-compete-78,cuad_non-compete,1,1.0,1.0,1
consumer_contracts_qa-233,consumer_contracts_qa,0,0.0,1.0,1
cuad_anti-assignment-1127,cuad_anti-assignment,0,0.0,1.0,1
cuad_anti-assignment-449,cuad_anti-assignment,1,0.99,0.99,1
cuad_non-compete-213,cuad_non-compete,1,0.83,0.83,1
hearsay-85,hearsay,0,0.27,0.73,1
personal_jurisdiction-43,personal_jurisdiction,1,0.43,0.57,0
consumer_contracts_qa-83,consumer_contracts_qa,1,0.96,0.96,1
consumer_contracts_qa-140,consumer_contracts_qa,1,1.0,1.0,1
cuad_change_of_control-164,cuad_change_of_control,1,0.01,0.99,0
cuad_change_of_control-153,cuad_change_of_control,1,0.02,0.98,0
cuad_anti-assignment-1001,cuad_anti-assignment,0,0.0,1.0,1
hearsay-24,hearsay,0,0.02,0.98,1
consumer_contracts_qa-200,consumer_contracts_qa,0,0.02,0.98,1
cuad_anti-assignment-308,cuad_anti-assignment,1,0.0,1.0,0
hearsay-63,hearsay,1,0.98,0.98,1
personal_jurisdiction-24,personal_jurisdiction,1,0.93,0.93,1
consumer_contracts_qa-192,consumer_contracts_qa,0,0.04,0.96,1
cuad_change_of_control-324,cuad_change_of_control,0,0.0,1.0,1
consumer_contracts_qa-15,consumer_contracts_qa,1,1.0,1.0,1
hearsay-83,hearsay,0,0.01,0.99,1
personal_jurisdiction-27,personal_jurisdiction,0,0.12,0.88,1
cuad_non-compete-119,cuad_non-compete,1,0.6,0.6,1
cuad_change_of_control-253,cuad_change_of_control,0,0.0,1.0,1
consumer_contracts_qa-142,consumer_contracts_qa,1,1.0,1.0,1
cuad_anti-assignment-1073,cuad_anti-assignment,0,0.0,1.0,1
hearsay-28,hearsay,0,0.09,0.91,1
cuad_anti-assignment-148,cuad_anti-assignment,1,0.51,0.51,1
cuad_change_of_control-175,cuad_change_of_control,1,0.32,0.68,0
hearsay-51,hearsay,1,1.0,1.0,1
cuad_non-compete-5,cuad_non-compete,1,1.0,1.0,1
consumer_contracts_qa-270,consumer_contracts_qa,0,0.0,1.0,1
cuad_anti-assignment-131,cuad_anti-assignment,1,0.26,0.74,0
consumer_contracts_qa-231,consumer_contracts_qa,0,0.02,0.98,1
consumer_contracts_qa-95,consumer_contracts_qa,1,0.87,0.87,1
consumer_contracts_qa-30,consumer_contracts_qa,1,0.99,0.99,1
consumer_contracts_qa-181,consumer_contracts_qa,0,0.03,0.97,1
cuad_anti-assignment-590,cuad_anti-assignment,0,0.0,1.0,1
personal_jurisdiction-35,personal_jurisdiction,1,0.36,0.64,0
consumer_contracts_qa-389,consumer_contracts_qa,0,0.0,1.0,1
cuad_anti-assignment-182,cuad_anti-assignment,1,0.89,0.89,1
personal_jurisdiction-6,personal_jurisdiction,0,0.12,0.88,1
consumer_contracts_qa-308,consumer_contracts_qa,0,0.04,0.96,1
cuad_change_of_control-44,cuad_change_of_control,1,0.03,0.97,0
hearsay-34,hearsay,1,1.0,1.0,1
cuad_change_of_control-351,cuad_change_of_control,0,0.0,1.0,1
cuad_anti-assignment-1018,cuad_anti-assignment,0,0.0,1.0,1
hearsay-26,hearsay,0,0.02,0.98,1
cuad_anti-assignment-442,cuad_anti-assignment,1,0.99,0.99,1
hearsay-38,hearsay,1,0.86,0.86,1
cuad_anti-assignment-764,cuad_anti-assignment,0,0.0,1.0,1
cuad_anti-assignment-937,cuad_anti-assignment,0,0.0,1.0,1
cuad_anti-assignment-493,cuad_anti-assignment,1,0.04,0.96,0
consumer_contracts_qa-131,consumer_contracts_qa,1,0.99,0.99,1
cuad_non-compete-4,cuad_non-compete,1,0.96,0.96,1
cuad_change_of_control-249,cuad_change_of_control,0,0.0,1.0,1
cuad_anti-assignment-404,cuad_anti-assignment,1,0.04,0.96,0
cuad_non-compete-161,cuad_non-compete,1,1.0,1.0,1
personal_jurisdiction-3,personal_jurisdiction,1,0.4,0.6,0
personal_jurisdiction-47,personal_jurisdiction,0,0.09,0.91,1
cuad_anti-assignment-536,cuad_anti-assignment,1,0.76,0.76,1
cuad_non-compete-145,cuad_non-compete,1,0.97,0.97,1
cuad_anti-assignment-279,cuad_anti-assignment,1,0.98,0.98,1
consumer_contracts_qa-134,consumer_contracts_qa,1,1.0,1.0,1
cuad_non-compete-52,cuad_non-compete,1,0.97,0.97,1
consumer_contracts_qa-153,consumer_contracts_qa,1,1.0,1.0,1
consumer_contracts_qa-356,consumer_contracts_qa,0,0.84,0.84,0
hearsay-67,hearsay,1,1.0,1.0,1
cuad_anti-assignment-921,cuad_anti-assignment,0,0.0,1.0,1
cuad_change_of_control-260,cuad_change_of_control,0,0.0,1.0,1
personal_jurisdiction-34,personal_jurisdiction,0,0.21,0.79,1
cuad_non-compete-21,cuad_non-compete,1,1.0,1.0,1
consumer_contracts_qa-320,consumer_contracts_qa,0,0.0,1.0,1
cuad_anti-assignment-453,cuad_anti-assignment,1,0.02,0.98,0
personal_jurisdiction-38,personal_jurisdiction,0,0.47,0.53,1
consumer_contracts_qa-137,consumer_contracts_qa,1,0.7,0.7,1
consumer_contracts_qa-19,consumer_contracts_qa,1,0.9,0.9,1
cuad_change_of_control-364,cuad_change_of_control,0,0.0,1.0,1
consumer_contracts_qa-363,consumer_contracts_qa,0,1.0,1.0,0
cuad_non-compete-250,cuad_non-compete,0,0.0,1.0,1
cuad_change_of_control-80,cuad_change_of_control,1,0.68,0.68,1
cuad_change_of_control-37,cuad_change_of_control,1,0.0,1.0,0
personal_jurisdiction-40,personal_jurisdiction,1,0.77,0.77,1
hearsay-64,hearsay,1,0.89,0.89,1
cuad_non-compete-363,cuad_non-compete,0,0.0,1.0,1
personal_jurisdiction-21,personal_jurisdiction,0,0.19,0.81,1
cuad_change_of_control-9,cuad_change_of_control,1,0.94,0.94,1
cuad_non-compete-167,cuad_non-compete,1,0.96,0.96,1
cuad_non-compete-262,cuad_non-compete,0,0.0,1.0,1
cuad_change_of_control-406,cuad_change_of_control,0,0.0,1.0,1
cuad_change_of_control-61,cuad_change_of_control,1,0.97,0.97,1
consumer_contracts_qa-219,consumer_contracts_qa,0,0.0,1.0,1
consumer_contracts_qa-105,consumer_contracts_qa,1,0.94,0.94,1
consumer_contracts_qa-25,consumer_contracts_qa,1,1.0,1.0,1
hearsay-35,hearsay,1,1.0,1.0,1
personal_jurisdiction-8,personal_jurisdiction,1,0.48,0.52,0
hearsay-87,hearsay,0,0.28,0.72,1
personal_jurisdiction-2,personal_jurisdiction,0,0.37,0.63,1
cuad_anti-assignment-661,cuad_anti-assignment,0,0.0,1.0,1
cuad_anti-assignment-184,cuad_anti-assignment,1,0.99,0.99,1
cuad_non-compete-134,cuad_non-compete,1,0.62,0.62,1
cuad_anti-assignment-314,cuad_anti-assignment,1,0.04,0.96,0
cuad_anti-assignment-943,cuad_anti-assignment,0,0.0,1.0,1
cuad_change_of_control-165,cuad_change_of_control,1,0.19,0.81,0
cuad_anti-assignment-1065,cuad_anti-assignment,0,0.0,1.0,1
hearsay-59,hearsay,1,0.27,0.73,0
cuad_non-compete-253,cuad_non-compete,0,0.0,1.0,1
consumer_contracts_qa-222,consumer_contracts_qa,0,0.02,0.98,1
cuad_anti-assignment-153,cuad_anti-assignment,1,1.0,1.0,1
hearsay-61,hearsay,1,0.96,0.96,1
cuad_anti-assignment-890,cuad_anti-assignment,0,0.0,1.0,1
personal_jurisdiction-11,personal_jurisdiction,0,0.13,0.87,1
cuad_anti-assignment-734,cuad_anti-assignment,0,0.0,1.0,1
cuad_non-compete-348,cuad_non-compete,0,0.0,1.0,1
cuad_anti-assignment-744,cuad_anti-assignment,0,0.0,1.0,1
cuad_non-compete-159,cuad_non-compete,1,0.97,0.97,1
cuad_change_of_control-36,cuad_change_of_control,1,0.0,1.0,0
cuad_non-compete-135,cuad_non-compete,1,0.84,0.84,1
cuad_non-compete-164,cuad_non-compete,1,0.96,0.96,1
personal_jurisdiction-16,personal_jurisdiction,0,0.11,0.89,1
hearsay-36,hearsay,1,0.58,0.58,1
consumer_contracts_qa-367,consumer_contracts_qa,0,0.16,0.84,1
cuad_change_of_control-128,cuad_change_of_control,1,0.58,0.58,1
cuad_non-compete-411,cuad_non-compete,0,0.0,1.0,1
hearsay-2,hearsay,0,0.16,0.84,1
consumer_contracts_qa-228,consumer_contracts_qa,0,0.0,1.0,1
personal_jurisdiction-45,personal_jurisdiction,1,0.98,0.98,1
hearsay-73,hearsay,1,0.99,0.99,1
cuad_change_of_control-288,cuad_change_of_control,0,0.0,1.0,1
cuad_non-compete-81,cuad_non-compete,1,0.95,0.95,1
cuad_change_of_control-2,cuad_change_of_control,1,0.0,1.0,0
consumer_contracts_qa-383,consumer_contracts_qa,0,0.0,1.0,1
personal_jurisdiction-31,personal_jurisdiction,1,0.59,0.59,1
consumer_contracts_qa-113,consumer_contracts_qa,1,1.0,1.0,1
cuad_non-compete-42,cuad_non-compete,1,0.88,0.88,1
cuad_change_of_control-405,cuad_change_of_control,0,0.0,1.0,1
cuad_non-compete-64,cuad_non-compete,1,0.77,0.77,1
cuad_anti-assignment-757,cuad_anti-assignment,0,0.01,0.99,1
consumer_contracts_qa-303,consumer_contracts_qa,0,0.52,0.52,0
cuad_change_of_control-304,cuad_change_of_control,0,0.0,1.0,1
consumer_contracts_qa-174,consumer_contracts_qa,1,0.89,0.89,1
cuad_change_of_control-323,cuad_change_of_control,0,0.01,0.99,1
cuad_change_of_control-79,cuad_change_of_control,1,0.52,0.52,1
cuad_non-compete-47,cuad_non-compete,1,0.84,0.84,1
cuad_change_of_control-13,cuad_change_of_control,1,0.01,0.99,0
consumer_contracts_qa-221,consumer_contracts_qa,0,0.0,1.0,1
cuad_anti-assignment-88,cuad_anti-assignment,1,0.99,0.99,1
cuad_anti-assignment-313,cuad_anti-assignment,1,0.18,0.82,0
personal_jurisdiction-17,personal_jurisdiction,1,0.77,0.77,1
cuad_non-compete-380,cuad_non-compete,0,0.0,1.0,1
cuad_non-compete-60,cuad_non-compete,1,1.0,1.0,1
consumer_contracts_qa-244,consumer_contracts_qa,0,0.12,0.88,1
cuad_anti-assignment-319,cuad_anti-assignment,1,0.87,0.87,1
cuad_change_of_control-217,cuad_change_of_control,0,0.0,1.0,1
consumer_contracts_qa-340,consumer_contracts_qa,0,0.05,0.95,1
consumer_contracts_qa-254,consumer_contracts_qa,0,0.03,0.97,1
hearsay-84,hearsay,1,0.0,1.0,0
cuad_non-compete-255,cuad_non-compete,0,0.0,1.0,1
cuad_non-compete-360,cuad_non-compete,0,0.0,1.0,1
cuad_non-compete-327,cuad_non-compete,0,0.0,1.0,1
hearsay-54,hearsay,1,0.5,0.5,1
consumer_contracts_qa-38,consumer_contracts_qa,1,0.33,0.67,0
personal_jurisdiction-33,personal_jurisdiction,1,0.72,0.72,1
hearsay-56,hearsay,1,0.98,0.98,1
hearsay-53,hearsay,0,0.06,0.94,1
cuad_change_of_control-373,cuad_change_of_control,0,0.0,1.0,1
cuad_anti-assignment-974,cuad_anti-assignment,0,0.02,0.98,1
personal_jurisdiction-0,personal_jurisdiction,0,0.21,0.79,1
hearsay-69,hearsay,1,0.15,0.85,0
personal_jurisdiction-20,personal_jurisdiction,0,0.72,0.72,0
hearsay-65,hearsay,1,0.04,0.96,0
cuad_change_of_control-210,cuad_change_of_control,0,0.0,1.0,1
cuad_anti-assignment-317,cuad_anti-assignment,1,0.01,0.99,0
hearsay-19,hearsay,0,0.01,0.99,1
consumer_contracts_qa-206,consumer_contracts_qa,0,0.0,1.0,1
cuad_anti-assignment-12,cuad_anti-assignment,1,1.0,1.0,1
cuad_anti-assignment-798,cuad_anti-assignment,0,0.0,1.0,1
consumer_contracts_qa-301,consumer_contracts_qa,0,0.03,0.97,1
consumer_contracts_qa-144,consumer_contracts_qa,1,0.88,0.88,1
cuad_change_of_control-320,cuad_change_of_control,0,0.0,1.0,1
cuad_change_of_control-121,cuad_change_of_control,1,0.98,0.98,1
hearsay-30,hearsay,0,0.06,0.94,1
consumer_contracts_qa-60,consumer_contracts_qa,1,1.0,1.0,1
cuad_non-compete-36,cuad_non-compete,1,0.57,0.57,1
hearsay-81,hearsay,0,0.85,0.85,0
consumer_contracts_qa-336,consumer_contracts_qa,0,0.0,1.0,1
cuad_anti-assignment-785,cuad_anti-assignment,0,0.04,0.96,1
hearsay-88,hearsay,0,0.19,0.81,1
cuad_non-compete-115,cuad_non-compete,1,0.0,1.0,0
hearsay-42,hearsay,1,0.05,0.95,0
cuad_non-compete-369,cuad_non-compete,0,0.0,1.0,1
cuad_change_of_control-222,cuad_change_of_control,0,0.0,1.0,1
cuad_anti-assignment-631,cuad_anti-assignment,0,0.01,0.99,1
cuad_non-compete-385,cuad_non-compete,0,0.1,0.9,1
cuad_change_of_control-162,cuad_change_of_control,1,0.0,1.0,0
consumer_contracts_qa-168,consumer_contracts_qa,1,1.0,1.0,1
cuad_change_of_control-133,cuad_change_of_control,1,0.89,0.89,1
cuad_non-compete-232,cuad_non-compete,0,0.95,0.95,0
hearsay-11,hearsay,0,0.26,0.74,1
consumer_contracts_qa-74,consumer_contracts_qa,1,0.93,0.93,1
personal_jurisdiction-30,personal_jurisdiction,0,0.15,0.85,1
consumer_contracts_qa-269,consumer_contracts_qa,0,0.05,0.95,1
cuad_change_of_control-352,cuad_change_of_control,0,0.0,1.0,1
cuad_anti-assignment-1137,cuad_anti-assignment,0,0.0,1.0,1
consumer_contracts_qa-115,consumer_contracts_qa,1,0.99,0.99,1
personal_jurisdiction-42,personal_jurisdiction,0,0.18,0.82,1
personal_jurisdiction-14,personal_jurisdiction,1,0.92,0.92,1
