threshold,coverage,n,accuracy
0.5,1.0,523,0.8317399617590823
0.51,0.9904397705544933,518,0.833976833976834
0.52,0.9866156787762906,516,0.8352713178294574
0.53,0.9789674952198852,512,0.83984375
0.54,0.9732313575525813,509,0.8408644400785854
0.55,0.9694072657743786,507,0.8422090729783037
0.56,0.9674952198852772,506,0.841897233201581
0.57,0.9655831739961759,505,0.8415841584158416
0.58,0.9598470363288719,502,0.8446215139442231
0.59,0.9502868068833652,497,0.8450704225352113
0.6,0.9407265774378585,492,0.8455284552845529
0.61,0.9369024856596558,490,0.8469387755102041
0.62,0.9330783938814532,488,0.8463114754098361
0.63,0.9273422562141491,485,0.845360824742268
0.64,0.9216061185468452,482,0.8443983402489627
0.65,0.9177820267686424,480,0.8479166666666667
0.66,0.9120458891013384,477,0.8490566037735849
0.67,0.9082217973231358,475,0.8526315789473684
0.68,0.9005736137667304,471,0.8556263269639066
0.69,0.8967495219885278,469,0.8550106609808102
0.7,0.8948374760994264,468,0.8568376068376068
0.71,0.892925430210325,467,0.8565310492505354
0.72,0.8833652007648184,462,0.8593073593073594
0.73,0.8776290630975143,459,0.8605664488017429
0.74,0.869980879541109,455,0.8637362637362638
0.75,0.8661567877629063,453,0.8653421633554084
0.76,0.8661567877629063,453,0.8653421633554084
0.77,0.858508604206501,449,0.8641425389755011
0.78,0.8451242829827916,442,0.8665158371040724
0.79,0.8451242829827916,442,0.8665158371040724
0.8,0.8355640535372849,437,0.8649885583524027
0.81,0.8260038240917782,432,0.8657407407407407
0.82,0.8164435946462715,427,0.8688524590163934
0.83,0.8030592734225621,420,0.8714285714285714
0.84,0.7934990439770554,415,0.8722891566265061
0.85,0.7839388145315488,410,0.8731707317073171
0.86,0.7724665391969407,404,0.8787128712871287
0.87,0.7590822179732314,397,0.8790931989924433
0.88,0.7476099426386233,391,0.8772378516624041
0.89,0.7361376673040153,385,0.8779220779220779
0.9,0.7208413001912046,377,0.8753315649867374
0.91,0.7017208413001912,367,0.8801089918256131
0.92,0.6921606118546845,362,0.8784530386740331
0.93,0.6749521988527725,353,0.8810198300283286
0.94,0.6653919694072657,348,0.8793103448275862
0.95,0.6424474187380497,336,0.8779761904761905
0.96,0.621414913957935,325,0.8830769230769231
0.97,0.5793499043977055,303,0.8943894389438944
0.98,0.5449330783938815,285,0.8947368421052632
0.99,0.491395793499044,257,0.9027237354085603
